index_in_dataset,dataset,start_time,ttft,finish_time,throughput,generated_text,ROUGEL
0,triviaqa,1719513.597032269,1.1347359530627728,1.1347359530627728,11.456409717971498,United States,1.0
1,triviaqa,1719514.73217037,1.9344218191690743,1.9344218191690743,7.754254967224889,Black Eyed Peas,1.0
2,triviaqa,1719516.666873045,1.3612791360355914,1.3612791360355914,11.753651089222066,55 miles an hour,1.0
3,triviaqa,1719518.028443647,2.5104578968603164,2.5104578968603164,5.975005603065332,Antonio Vivaldi,1.0
4,triviaqa,1719520.539224851,1.2771454211324451,1.2771454211324451,17.225916200280928,Dartmoor National Park,0.5333333333333333
5,triviaqa,1719521.816682647,1.1410319989081472,1.1410319989081472,10.516795332192956,Domestic pig,1.0
6,triviaqa,1719522.957980742,0.7963796439580619,0.7963796439580619,12.556825222577649,Fontanelle,0.9
7,triviaqa,1719523.754630232,0.4226286879274994,0.4226286879274994,21.295288883806016,Berkshire,1.0
8,triviaqa,1719524.177552476,0.5708416940178722,0.5708416940178722,31.532384877682823,The Elysian Fields,1.0
9,triviaqa,1719524.748710686,0.9448934597894548,0.9448934597894548,7.408242619818502,Ben-Hur,1.0
10,triviaqa,1719525.693879323,2.094804822932929,2.094804822932929,6.205828752006951,Crystal Gayle,1.0
11,triviaqa,1719527.788972672,1.1093349759466946,1.1093349759466946,17.12737848528178,The end of a piece.,1.0
12,triviaqa,1719528.898595264,0.5765681471675634,0.5765681471675634,20.812804278125576,Nadine Coyle,1.0
13,triviaqa,1719529.475449217,1.4038560090120882,1.4038560090120882,15.671122863577503,Too long; didn't read.,0.9767441860465117
14,triviaqa,1719530.879598822,0.5396335129626095,0.5396335129626095,11.118657117975792,SMERSH,1.0
15,triviaqa,1719531.419564873,0.6366460560820997,0.6366460560820997,36.12682397114229,Collapsible baby buggy.,0.9777777777777777
16,triviaqa,1719532.056481865,1.792916807113215,1.792916807113215,4.46200290401697,Brighton,1.0
17,triviaqa,1719533.849674158,0.3370976960286498,0.3370976960286498,32.63148971230321,James Blunt,1.0
18,triviaqa,1719534.186983259,1.6855129641480744,1.6855129641480744,5.932911945921697,Basketball,1.0
19,triviaqa,1719535.872777345,1.7370625510811806,1.7370625510811806,10.938005651076894,Sweet orange citrus,1.0
20,triviaqa,1719537.610157023,1.3167292210273445,1.3167292210273445,14.429694197244087,Parkinson's disease,1.0
21,triviaqa,1719538.927194941,0.543854831950739,0.543854831950739,23.9034375283026,Robert Stroud,1.0
22,triviaqa,1719539.471261486,0.9800222241319716,0.9800222241319716,16.326160372711517,Zadok the Priest,1.0
23,triviaqa,1719540.451525336,1.2359197731129823,1.2359197731129823,7.282026063335147,Moby Dick,1.0
24,triviaqa,1719541.687686314,2.0366933688055724,2.0366933688055724,12.76579007828155,Childe Harold's Pilgrimage,1.0
25,triviaqa,1719543.724692485,1.4063448780216277,1.4063448780216277,9.954883911330816,Gordon Jackson,1.0
26,triviaqa,1719545.13133424,2.0096415628213435,2.0096415628213435,4.47841056161521,light rum,1.0
27,triviaqa,1719547.14128465,0.5701972891110927,0.5701972891110927,19.291568392316307,River Trent,1.0
28,triviaqa,1719547.711692675,0.3917267159558832,0.3917267159558832,25.528001008555695,Dog breed.,0.4615384615384615
29,triviaqa,1719548.103605665,1.2699507009238005,1.2699507009238005,4.7245928488684,Dakota,1.0
30,triviaqa,1719549.373791551,1.2077604450751096,1.2077604450751096,17.387554034934492,A type of hot pepper.,1.0
31,triviaqa,1719550.581807601,0.3723307750187814,0.3723307750187814,26.857838972605936,Basketball,1.0
32,triviaqa,1719550.954430361,1.8068542920518669,1.8068542920518669,8.301720878093594,Charlton Heston,1.0
33,triviaqa,1719552.761587208,0.7411476911511272,0.7411476911511272,20.23888110169037,Arlene Phillips,1.0
34,triviaqa,1719553.503057636,1.4020958049222827,1.4020958049222827,5.705744195164634,Quadrans,1.0
35,triviaqa,1719554.905463457,2.553990183863789,2.553990183863789,3.523897647243265,Wanderers,1.0
36,triviaqa,1719557.459750556,0.2675419619772583,0.2675419619772583,56.06597144292092,King George III,1.0
37,triviaqa,1719557.727565194,2.3435594320762902,2.3435594320762902,6.400520419791813,Jackson Pollock,1.0
38,triviaqa,1719560.071436853,2.0498758391477168,2.0498758391477168,2.927006546159712,Island,1.0
39,triviaqa,1719562.121638499,1.193945124046877,1.193945124046877,6.700475456429689,Dubonnet,0.6956521739130436
40,triviaqa,1719563.31587935,0.8510444900020957,0.8510444900020957,10.575240314378672,Vitamin K,1.0
41,triviaqa,1719564.167246837,0.8211732660420239,0.8211732660420239,14.613237542228871,Max Bygraves,1.0
42,triviaqa,1719564.988717539,0.4395242859609425,0.4395242859609425,20.47668419578473,Dr Finlay,1.0
43,triviaqa,1719565.428543201,0.6321065351366997,0.6321065351366997,7.910059020223066,Never,1.0
44,triviaqa,1719566.060945283,1.2703352391254157,1.2703352391254157,6.297550247844607,Augustus,1.0
45,triviaqa,1719567.331575208,1.1096418648958206,1.1096418648958206,9.011916651990106,John Glenn,1.0
46,triviaqa,1719568.44151079,0.9385274699889125,0.9385274699889125,15.982483709482908,Alloway Village,1.0
47,triviaqa,1719569.380347167,1.5864579160697758,1.5864579160697758,6.933685343038243,Marni Nixon,1.0
48,triviaqa,1719570.96713476,1.4859629240818322,1.4859629240818322,6.729643006523155,James Hogg,1.0
49,triviaqa,1719572.45339923,1.1731263198889792,1.1731263198889792,12.786346828719648,Albert Einstein,1.0
50,triviaqa,1719573.626845688,0.989982210798189,0.989982210798189,5.050595804109116,China,1.0
51,triviaqa,1719574.617153145,1.1443299350794405,1.1443299350794405,6.11711691306411,Emerald,1.0
52,triviaqa,1719575.761780787,0.7791445818729699,0.7791445818729699,28.23609444490347,Breakfast at Tiffany's,1.0
53,triviaqa,1719576.541257035,1.6936712879687548,1.6936712879687548,7.085200112467974,Jimi Hendrix,1.0
54,triviaqa,1719578.23524538,0.3184924069792032,0.3184924069792032,21.978545945232167,Archery,1.0
55,triviaqa,1719578.554108015,2.0852945600636303,2.0852945600636303,3.356839908404309,Bassoon,0.8571428571428571
56,triviaqa,1719580.639701161,1.2316923248581588,1.2316923248581588,11.366474985229964,Culinary apple,1.0
57,triviaqa,1719581.871698162,1.4868082499597222,1.4868082499597222,7.398398549576242,Buddy Holly,1.0
58,triviaqa,1719583.358809058,1.943347348831594,1.943347348831594,5.6603365356242525,Nowhere Boy,1.0
59,triviaqa,1719585.302458474,1.4011266711167991,1.4011266711167991,13.560515542007082,Martin Austin Ruane,1.0
60,triviaqa,1719586.703882311,1.1110604719724506,1.1110604719724506,21.600984469722988,A Streetcar Named Desire,1.0
61,triviaqa,1719587.8152689,0.7252724668942392,0.7252724668942392,15.166713893199594,John Warner,1.0
62,triviaqa,1719588.540857054,1.9006910270545632,1.9006910270545632,6.313493265970744,Johannesburg,1.0
63,triviaqa,1719590.441852738,2.373690134147182,2.373690134147182,4.212849797091478,"1984, 2004",0.5714285714285715
64,triviaqa,1719592.815844639,1.2597191920503974,1.2597191920503974,13.495071050183606,Daphne du Maurier,1.0
65,triviaqa,1719594.075861547,0.2589049241505563,0.2589049241505563,27.03695197364966,Newbury,1.0
66,triviaqa,1719594.335080698,0.7743400670588017,0.7743400670588017,28.411289736773195,Bankside Power Station,1.0
67,triviaqa,1719595.109713231,0.8070730399340391,0.8070730399340391,9.912361836115636,Tomatoes,1.0
68,triviaqa,1719595.917074317,0.9834580637980253,0.9834580637980253,12.201842093456529,Gary Sparrow,1.0
69,triviaqa,1719596.900831688,1.5209646651055664,1.5209646651055664,7.889729640212983,Muriel Spark,1.0
70,triviaqa,1719598.42212356,1.129738911986351,1.129738911986351,9.736762966462198,Salto Angel,1.0
71,triviaqa,1719599.552174689,0.2341514360159635,0.2341514360159635,21.353702053141024,Yahoo,1.0
72,triviaqa,1719599.786639377,0.4971743279602378,0.4971743279602378,42.23870545801693,Fruit and vegetables.,1.0
73,triviaqa,1719600.284126592,1.3536007259972394,1.3536007259972394,7.38770289343092,prosimians,1.0
74,triviaqa,1719601.638043515,2.1240337050985545,2.1240337050985545,6.120430183755866,Jasper Fforde,1.0
75,triviaqa,1719603.762377908,1.34585165604949,1.34585165604949,3.71511969950434,Spain,1.0
76,triviaqa,1719605.10851839,0.916281034005806,0.916281034005806,4.365472875186299,whey,1.0
77,triviaqa,1719606.025102271,2.135140635073185,2.135140635073185,2.3417661196957256,Steel,1.0
78,triviaqa,1719608.160530152,0.6938817768823355,0.6938817768823355,8.647006161421999,Taiwan,1.0
79,triviaqa,1719608.854688225,1.3396114548668263,1.3396114548668263,3.7324255341613664,Seven,1.0
80,triviaqa,1719610.194591166,0.8251113500446081,0.8251113500446081,9.6956610760081,Seabird.,0.47058823529411764
81,triviaqa,1719611.019991152,1.6828674259595573,1.6828674259595573,14.855596830953694,The Owl and the Pussy-Cat,1.0
82,triviaqa,1719612.703244106,1.4738707200158387,1.4738707200158387,7.463341153749082,Mark Rothko,1.0
83,triviaqa,1719614.177389322,0.4297941469121724,0.4297941469121724,27.92034299725393,Muriel Spark,1.0
84,triviaqa,1719614.607382773,0.5090073519386351,0.5090073519386351,23.57529798792905,Jake LaMotta,1.0
85,triviaqa,1719615.116704211,2.034014208940789,2.034014208940789,19.665546004631874,Her Majesty's Chief Inspector of Prisons,1.0
86,triviaqa,1719617.151036397,0.4971890908200294,0.4971890908200294,14.07915042635928,Origami,1.0
87,triviaqa,1719617.648503694,0.6933053119573742,0.6933053119573742,15.866025847897012,Arthur Ashe,1.0
88,triviaqa,1719618.342111292,1.2654644828289747,1.2654644828289747,22.91648670784489,Supercontinents that existed.,1.0
89,triviaqa,1719619.607867752,1.317560801981017,1.317560801981017,11.384673843853555,The White House,1.0
90,triviaqa,1719620.925695698,0.4805530239827931,0.4805530239827931,33.29497308620184,Alexander Dubcek,1.0
91,triviaqa,1719621.406454597,1.030340502038598,1.030340502038598,13.587741113059282,Hattie Jacques,1.0
92,triviaqa,1719622.437030214,1.7157540682237595,1.7157540682237595,8.742511690809396,Gillian Gibbons,1.0
93,triviaqa,1719624.153069059,0.843513828003779,0.843513828003779,11.855170203511111,Manchester,1.0
94,triviaqa,1719624.996833196,1.5673840211238712,1.5673840211238712,3.828034431343623,tittle,1.0
95,triviaqa,1719626.564511793,1.9766120580025015,1.9766120580025015,2.5295808450409,Leeds,1.0
96,triviaqa,1719628.541416069,1.7924432780127972,1.7924432780127972,3.90528396957732,Stanley,1.0
97,triviaqa,1719630.334168113,0.8377564279362559,0.8377564279362559,13.130308086203046,John Gorman,1.0
98,triviaqa,1719631.172195117,1.6589216170832517,1.6589216170832517,5.4252111174631485,mushrooms,1.0
99,triviaqa,1719632.831424372,1.2298154649324715,1.2298154649324715,2.439390368346627,M61,1.0
100,triviaqa,1719634.061544104,1.9289034109096972,1.9289034109096972,4.665863489637086,Isosceles,0.6666666666666666
101,triviaqa,1719635.990748418,1.8424608369823543,1.8424608369823543,3.256514265902664,Saddle,1.0
102,triviaqa,1719637.833503491,1.8931317399255927,1.8931317399255927,3.697576799528555,Wilkins,1.0
103,triviaqa,1719639.726937427,1.6866553330328315,1.6866553330328315,5.33600423497123,Octopussy,1.0
104,triviaqa,1719641.413888786,2.340766340959817,2.340766340959817,5.553736728232955,Niagara Falls,1.0
105,triviaqa,1719643.754952133,1.9870997071266172,1.9870997071266172,6.038952125533862,George Blake,1.0
106,triviaqa,1719645.742338066,2.502198880072683,2.502198880072683,6.394375813778335,Independence Day,1.0
107,triviaqa,1719648.244833388,1.1144390162080526,1.1144390162080526,12.56237424963446,the hovercraft,0.9285714285714286
108,triviaqa,1719649.359523209,0.7108202408999205,0.7108202408999205,19.695556196142597,William Holden,1.0
109,triviaqa,1719650.070584275,1.757541399914771,1.757541399914771,6.827719677375405,Alton Towers,1.0
110,triviaqa,1719651.828406183,1.162159346975386,1.162159346975386,6.883737605192135,Florence,1.0
111,triviaqa,1719652.990818285,0.4337892110925168,0.4337892110925168,20.747403969160764,Pentecost,1.0
112,triviaqa,1719653.424837041,1.7041322209406644,1.7041322209406644,9.9757517586377,The Perfect Storm,1.0
113,triviaqa,1719655.129282928,0.534041787032038,0.534041787032038,24.34266440506108,Christ Church,1.0
114,triviaqa,1719655.663566849,1.1104007519315928,1.1104007519315928,10.80690910837862,A tiebreaker,0.41379310344827586
115,triviaqa,1719656.774292948,1.289962167153135,1.289962167153135,10.853031473703696,Arthur Ransome,1.0
116,triviaqa,1719658.064549081,1.676252123899758,1.676252123899758,4.175982777408614,Maxwell,1.0
117,triviaqa,1719659.741127301,1.7184380860999229,1.7184380860999229,2.909618938525588,Syria,1.0
118,triviaqa,1719661.459843222,0.5139016809407622,0.5139016809407622,29.188462611253964,Adrian Cronauer,1.0
119,triviaqa,1719661.973986018,0.3620031459722668,0.3620031459722668,69.0601733110774,King Arthur's Round Table,1.0
120,triviaqa,1719662.336260579,2.112460440024733,2.112460440024733,3.787053167209291,Khartoum,1.0
121,triviaqa,1719664.449038689,1.887590205995366,1.887590205995366,6.357312070112245,John Chilcot,1.0
122,triviaqa,1719666.336924573,1.131032007979229,1.131032007979229,22.103706900980217,Antoine Laurent Lavoisier,1.0
123,triviaqa,1719667.468249747,0.7563600768335164,0.7563600768335164,21.15394570663172,Papua New Guinea,1.0
124,triviaqa,1719668.224835789,1.2960592259187251,1.2960592259187251,9.258836139601318,Charlie Chan,1.0
125,triviaqa,1719669.521181531,0.5900312790181488,0.5900312790181488,38.98098425946761,"Huey, Dewey, and Louie.",0.9777777777777777
126,triviaqa,1719670.111525345,1.6652522871736437,1.6652522871736437,4.804076872686981,Shetland,1.0
127,triviaqa,1719671.777103919,2.261089247884229,2.261089247884229,6.191706060740518,Pauline Quirke,1.0
128,triviaqa,1719674.038489294,0.8649798119440675,0.8649798119440675,6.93657807633085,Rennet,1.0
129,triviaqa,1719674.903752722,2.207291323924437,2.207291323924437,3.1713077128189866,Benfica,1.0
130,triviaqa,1719677.111332222,0.3928991712164134,0.3928991712164134,25.45182258603413,Harrisburg,1.0
131,triviaqa,1719677.504490389,0.3312562180217355,0.3312562180217355,36.22573508706972,Muhammad Ali,1.0
132,triviaqa,1719677.836018933,0.5720228850841522,0.5720228850841522,22.72636347073339,John le Carr√©,1.0
133,triviaqa,1719678.408241992,0.6400142651982605,0.6400142651982605,14.062186562688604,Cambridge,1.0
134,triviaqa,1719679.048461532,0.9190443090628831,0.9190443090628831,16.321302305103185,Charlie Chaplin,1.0
135,triviaqa,1719679.967765666,2.540905363857746,2.540905363857746,5.903407585879607,Julian Fellowes,1.0
136,triviaqa,1719682.508973346,1.8326736628077924,1.8326736628077924,2.1826035268448734,Kent,1.0
137,triviaqa,1719684.341942856,2.010268803918734,2.010268803918734,9.948918254619896,Underground Railroad,0.9090909090909091
138,triviaqa,1719686.352489706,0.4464220241643488,0.4464220241643488,20.1602956683129,Aldo Moro,1.0
139,triviaqa,1719686.799329619,1.3492839520331472,1.3492839520331472,8.893606110054144,South Africa,1.0
140,triviaqa,1719688.148909267,2.2125444079283625,2.2125444079283625,9.039366590036623,Ronald Wilson Reagan,1.0
141,triviaqa,1719690.361753382,1.1922363189514726,1.1922363189514726,7.548838981784387,Beetroots,1.0
142,triviaqa,1719691.554299008,1.198937744833529,1.198937744833529,5.004429984672051,Onions,1.0
143,triviaqa,1719692.75352665,0.7948814870323986,0.7948814870323986,16.35463929161824,Harold Wilson,1.0
144,triviaqa,1719693.548689204,0.7554973629303277,0.7554973629303277,10.589050859119627,Hartford,1.0
145,triviaqa,1719694.304441012,1.1944861731026322,1.1944861731026322,9.208980604126978,James Woods,1.0
146,triviaqa,1719695.499219702,0.8865202059969306,0.8865202059969306,6.7680352454603545,Madrid,1.0
147,triviaqa,1719696.385977243,1.737754198955372,1.737754198955372,6.905464539929549,My Fair Lady,1.0
148,triviaqa,1719698.124046049,1.6157319648191333,1.6157319648191333,8.045888973580611,Henry Mancini,1.0
149,triviaqa,1719699.740121821,1.3953095260076225,1.3953095260076225,7.8835554369603775,Sarah Palin,1.0
150,triviaqa,1719701.135725763,0.5137079581618309,0.5137079581618309,11.679787911928454,Subway,1.0
151,triviaqa,1719701.649731267,2.5321777078788728,2.5321777078788728,7.108505830373985,Dame Anita Roddick,1.0
152,triviaqa,1719704.182231791,0.7288490638602525,0.7288490638602525,6.860130921370966,Peach,1.0
153,triviaqa,1719704.911376542,2.0479238440748304,2.0479238440748304,5.371293484289382,New Zealand,1.0
154,triviaqa,1719706.959595752,0.9524014540947974,0.9524014540947974,9.449796576123438,Goldtrail,1.0
155,triviaqa,1719707.912315593,2.0399823929183185,2.0399823929183185,1.9608012372487968,1948,1.0
156,triviaqa,1719709.952584462,0.3509882320649922,0.3509882320649922,28.490983703830583,Cary Grant,1.0
157,triviaqa,1719710.303923841,1.3273264218587428,1.3273264218587428,6.027153432836116,Cardigan,1.0
158,triviaqa,1719711.631541609,1.186386434827,1.186386434827,5.900269755714754,Melanin,1.0
159,triviaqa,1719712.81824321,2.1213860949501395,2.1213860949501395,4.713899098237955,Great Dane,1.0
160,triviaqa,1719714.939923682,1.0010034888982773,1.0010034888982773,4.994987585411007,Chile,1.0
161,triviaqa,1719715.941238168,1.4951681620441375,1.4951681620441375,12.038779621545096,Martin Luther King,1.0
162,triviaqa,1719717.436729498,1.0463335530366749,1.0463335530366749,15.29149089557982,Arturo Toscanini,1.0
163,triviaqa,1719718.483423859,1.14123050798662,1.14123050798662,9.638718841653125,Roddy Doyle,1.0
164,triviaqa,1719719.624940172,0.2886100248433649,0.2886100248433649,24.254181758929043,Lazarus,0.5
165,triviaqa,1719719.913877224,0.4615586008876562,0.4615586008876562,28.16543766056742,United States,0.33333333333333337
166,triviaqa,1719720.375713461,0.3461544318124652,0.3461544318124652,20.222188008248192,Rapture,0.2222222222222222
167,triviaqa,1719720.722171749,1.8713710219599309,1.8713710219599309,3.206205466255462,Syriza,1.0
168,triviaqa,1719722.593848068,2.209755399962887,2.209755399962887,5.883004064711567,Respect Party,1.0
169,triviaqa,1719724.803902235,0.3810147338081151,0.3810147338081151,15.74742252099283,Sails.,0.26666666666666666
170,triviaqa,1719725.185290085,1.4433888690546155,1.4433888690546155,11.08502382346873,Friends Reunited,1.0
171,triviaqa,1719726.62898257,2.004242747090757,2.004242747090757,8.482006495808065,The Zambezi River,0.8666666666666666
172,triviaqa,1719728.633528643,1.757652967935428,1.757652967935428,9.671988902319278,Manchester United,0.5185185185185185
173,triviaqa,1719730.391477438,1.1116084181703627,1.1116084181703627,5.397584168960884,Canada,1.0
174,triviaqa,1719731.503375082,0.8445967009756714,0.8445967009756714,17.7599557074662,Travel sickness,1.0
175,triviaqa,1719732.348290689,2.00322195305489,2.00322195305489,5.990349687262633,On the foot.,0.9565217391304348
176,triviaqa,1719734.351810449,1.1592521290294826,1.1592521290294826,5.175750684213241,Plan B,1.0
177,triviaqa,1719735.511352725,1.2992795219179245,1.2992795219179245,10.775202536351822,House of Lords,1.0
178,triviaqa,1719736.810915203,0.4652597878593951,0.4652597878593951,70.92811556276777,Niagara River below Niagara Falls,1.0
179,triviaqa,1719737.27666466,1.0842728319112211,1.0842728319112211,1.8445541944223107,12,1.0
180,triviaqa,1719738.361253068,1.4941902649588883,1.4941902649588883,6.023329298191907,A pieman.,1.0
181,triviaqa,1719739.855738921,0.9911470930092036,0.9911470930092036,13.116115752840416,Boston Braves,1.0
182,triviaqa,1719740.847192479,0.8407938778400421,0.8407938778400421,11.89352142488181,Katy Perry,1.0
183,triviaqa,1719741.688297013,0.6381323509849608,0.6381323509849608,21.93902249022624,Robert Maxwell,1.0
184,triviaqa,1719742.326772261,0.9082597291562706,0.9082597291562706,13.212079777166185,Gene Vincent,1.0
185,triviaqa,1719743.235321697,1.2279173599090427,1.2279173599090427,11.401418741271842,Female peacock,1.0
186,triviaqa,1719744.463527362,0.3933040939737111,0.3933040939737111,10.170247554726355,Marx,1.0
187,triviaqa,1719744.857148003,2.1729444130323827,2.1729444130323827,2.7612303214084037,Almond,1.0
188,triviaqa,1719747.030382673,0.728871061000973,0.728871061000973,20.579771653164837,The Likes Of Us,1.0
189,triviaqa,1719747.759556931,1.9568709409795704,1.9568709409795704,4.088159230365679,Carberry,1.0
190,triviaqa,1719749.71674227,0.8066859000828117,0.8066859000828117,14.875678375893417,horse racing,0.9166666666666666
191,triviaqa,1719750.523704567,0.8793870420195162,0.8793870420195162,10.23440142958152,Kim Smith,1.0
192,triviaqa,1719751.403387436,1.4523109749425205,1.4523109749425205,11.01692425111175,The River Severn,1.0
193,triviaqa,1719752.855986437,0.3211327709723264,0.3211327709723264,40.48169845960777,the telephone,0.9230769230769231
194,triviaqa,1719753.177415515,1.6020550888497382,1.6020550888497382,4.369387824875573,Raphael,1.0
195,triviaqa,1719754.77975832,1.2221200370695442,1.2221200370695442,9.819002746059343,Jamie Oliver,1.0
196,triviaqa,1719756.002198514,1.6004321149084717,1.6004321149084717,8.747637509636363,Marcel Marceau,1.0
197,triviaqa,1719757.602927686,1.0080677319783715,1.0080677319783715,7.935974683268248,sweating,1.0
198,triviaqa,1719758.611314335,1.8232480690348891,1.8232480690348891,9.8724909164599,Almond and apricot,0.5
199,triviaqa,1719760.43485267,0.3791697230190038,0.3791697230190038,21.09873102816029,Budapest,1.0
